{
  "results": [
    {
      "command": "taskset -c 10-19,30-39 ./build/serial/InOneWeekend",
      "mean": 63.95167499248,
      "stddev": 1.9369049968983443,
      "median": 63.65613990248,
      "user": 63.94687744,
      "system": 0.0031671,
      "min": 61.810695418479995,
      "max": 66.53419823748,
      "times": [
        62.52678613248, 61.810695418479995, 66.53419823748, 63.65613990248,
        65.23055527148
      ],
      "exit_codes": [0, 0, 0, 0, 0]
    }
  ]
}
