{
  "results": [
    {
      "command": "taskset -c 0-9,20-29 ./build/serial/InOneWeekend",
      "mean": 63.229046559660006,
      "stddev": 0.657617405702943,
      "median": 63.22060468686,
      "user": 63.224429959999995,
      "system": 0.0033406320000000005,
      "min": 62.54207214986,
      "max": 64.08033155086001,
      "times": [
        62.64071831786, 62.54207214986, 64.08033155086001, 63.22060468686,
        63.66150609286
      ],
      "exit_codes": [0, 0, 0, 0, 0]
    }
  ]
}
