{
  "results": [
    {
      "command": "taskset -c 10-19,30-39 ./build/serial/InOneWeekend",
      "mean": 308.97527278921996,
      "stddev": 3.544348770415086,
      "median": 308.56106500842,
      "user": 308.96474634,
      "system": 0.002583216,
      "min": 305.19349799942,
      "max": 314.44363357942,
      "times": [
        308.56106500842, 314.44363357942, 305.19349799942, 306.74788895842,
        309.93027840042
      ],
      "exit_codes": [0, 0, 0, 0, 0]
    }
  ]
}
