{
  "results": [
    {
      "command": "taskset -c 10-19,30-39 ./build/serial/InOneWeekend",
      "mean": 64.35441429496,
      "stddev": 1.8425877219276148,
      "median": 63.89994196296,
      "user": 64.3488189,
      "system": 0.003055464,
      "min": 62.04851783796,
      "max": 66.74006859896001,
      "times": [
        63.47049600096, 66.74006859896001, 63.89994196296, 65.61304707396,
        62.04851783796
      ],
      "exit_codes": [0, 0, 0, 0, 0]
    }
  ]
}
